id,nombre
A001,Juan Pérez
A002,María García
A003,Carlos Rodríguez
A004,Ana Martínez
A005,Luis Hernández
A006,Carmen López
A007,Diego Fernández
A008,Laura Sánchez
A009,Miguel Pérez
A010,Isabel García
A011,José Rodríguez
A012,Patricia Martínez
A013,Francisco Hernández
A014,Rosa López
A015,Antonio Fernández
A016,Teresa Sánchez
A017,Manuel Pérez
A018,Elena García
A019,Pedro Rodríguez
A020,Lucía Martínez
A021,Javier Hernández
A022,Marta López
A023,Andrés Fernández
A024,Silvia Sánchez
A025,Rafael Pérez
A026,Beatriz García
A027,Alberto Rodríguez
A028,Cristina Martínez
A029,Fernando Hernández
A030,Pilar López
A031,Ramón Fernández
A032,Mercedes Sánchez
A033,Ricardo Pérez
A034,Amparo García
A035,Sergio Rodríguez
A036,Dolores Martínez
A037,Enrique Hernández
A038,Consuelo López
A039,Tomás Fernández
A040,Josefa Sánchez
A041,Pablo Pérez
A042,Francisca García
A043,Ignacio Rodríguez
A044,Victoria Martínez
A045,Ángel Hernández
A046,Rocío López
A047,Salvador Fernández
A048,Inmaculada Sánchez
A049,Gonzalo Pérez
A050,Nuria García
